Name,province.name
,Alberta
Athabasca,
Banff,
Barrhead,
Bashaw,
Bassano,
Beaumont,
Beaverlodge,
Bentley,
Black Diamond,
Blackfalds,
Bon Accord,
Bonnyville,
Bow Island,
Bowden,
Bruderheim,
Calmar,
Canmore,
Cardston,
Carstairs,
Castor,
Chestermere,
Claresholm,
Coaldale,
Coalhurst,
Cochrane,
Coronation,
Crossfield,
Daysland,
Devon,
Didsbury,
Drayton Valley,
Drumheller,
Eckville,
Edson,
Elk Point,
Fairview,
Falher,
Fort Macleod,
Fox Creek,
Gibbons,
Grande Cache,
Granum,
Grimshaw,
Hanna,
Hardisty,
High Level,
High Prairie,
High River,
Hinton,
Innisfail,
Irricana,
Killam,
Lamont,
Legal,
Magrath,
Manning,
Mayerthorpe,
McLennan,
Milk River,
Millet,
Morinville,
Mundare,
Nanton,
Okotoks,
Olds,
Onoway,
Oyen,
Peace River,
Penhold,
Picture Butte,
Pincher Creek,
Ponoka,
Provost,
Rainbow Lake,
Raymond,
Redcliff,
Redwater,
Rimbey,
Rocky Mountain House,
Sedgewick,
Sexsmith,
Slave Lake,
Smoky Lake,
Spirit River,
St. Paul,
Stavely,
Stettler,
Stony Plain,
Strathmore,
Sundre,
Swan Hills,
Sylvan Lake,
Taber,
Three Hills,
Tofield,
Trochu,
Turner Valley,
Two Hills,
Valleyview,
Vauxhall,
Vegreville,
Vermilion,
Viking,
Vulcan,
Wainwright,
Wembley,
Westlock,
Whitecourt,
,British Columbia
Comox,
Creston,
Cumberland,
Enderby,
Fort Nelson,
Gibsons,
Golden,
Ladysmith,
Lake Cowichan,
Oliver,
Osoyoos,
Port McNeill,
Princeton,
Qualicum Beach,
Sidney,
Smithers,
Savona,
View Royal,
,Manitoba
Altona,
Arborg,
Beausejour,
Birtle,
Boissevain,
Carberry,
Carman,
Churchill,
Deloraine,
Emerson,
Erickson,
Gilbert Plains,
Gillam,
Gladstone,
Grand Rapids,
Grandview,
Gretna,
Hamiota,
Hartney,
Lac du Bonnet,
Leaf Rapids,
Lynn Lake,
Manitou,
Melita,
Minitonas,
Minnedosa,
Morden,
Morris,
Neepawa,
Niverville,
Oak Lake,
The Pas,
Pilot Mound,
Plum Coulee,
Rapid City,
Rivers,
Roblin,
Rossburn,
Russell,
Ste. Anne,
Ste. Rose du Lac,
Shoal Lake,
Snow Lake,
Souris,
Stonewall,
Swan River,
Teulon,
Treherne,
Virden,
Winnipeg Beach,
,New Brunswick
Beresford,
Bouctouche,
Caraquet,
Dalhousie,
Florenceville-Bristol,
Grand Bay-Westfield,
Grand Falls,
Hampton,
Hartland,
Lamèque,
Nackawic,
Oromocto,
Quispamsis,
Richibucto,
Riverview,
Rothesay,
Sackville,
Shediac,
Shippagan,
St. Andrews,
St. George,
Saint-Leonard,
Saint-Quentin,
St. Stephen,
Sussex,
Tracadie-Sheila,
Woodstock,
,Newfoundland and Labrador
Bay Roberts,
Bishop's Falls,
Bonavista,
Botwood,
Carbonear,
Channel-Port aux Basques,
Clarenville,
Conception Bay South,
Deer Lake,
Gander,
Grand Falls-Windsor,
Happy Valley-Goose Bay,
Harbour Grace,
Labrador City,
Lewisporte,
Marystown,
Pasadena,
,
Paradise,
Placentia,
Portugal Cove-St. Philip's,
St. Anthony,
Stephenville,
Torbay,
,Northwest Territories
Fort Smith,
Hay River,
Inuvik,
Norman Wells,
,Nova Scotia
Amherst,
Annapolis Royal,
Antigonish,
Berwick,
Bridgetown,
Bridgewater,
Canso,
Clark's Harbour,
Digby,
Hantsport,
Kentville,
Lockeport,
Lunenburg,
Mahone Bay,
Middleton,
Mulgrave,
New Glasgow,
Oxford,
Parrsboro,
Pictou,
Port Hawkesbury,
Shelburne,
Springhill,
Stellarton,
Stewiacke,
Trenton,
Truro,
Westville,
Windsor,
Wolfville,
,Ontario
Ajax,
Amherstburg,
Arnprior,
Aurora,
Aylmer,
Bancroft,
Bayham,
Blind River,
The Blue Mountains,
Bluewater,
Bracebridge,
Bradford West Gwillimbury,
Brighton,
Brockton,
Bruce Mines,
Caledon,
Carleton Place,
Clarington,
Cobalt,
Cobourg,
Cochrane,
Collingwood,
Deep River,
Deseronto,
East Gwillimbury,
Englehart,
Erin,
Espanola,
Essex,
Fort Erie,
Fort Frances,
French River,
Gananoque,
Georgina,
Goderich,
Gore Bay,
Gravenhurst,
Greater Napanee,
Greenstone,
Grimsby,
Halton Hills,
Hanover,
Hawkesbury,
Hearst,
Huntsville,
Huron East,
Ingersoll,
Innisfil,
Iroquois Falls,
Kapuskasing,
Kearney,
Killarney,
Kincardine,
Kingsville,
Kirkland Lake,
Lakeshore,
LaSalle,
Latchford,
Laurentian Hills,
Leamington,
Lincoln,
Marathon,
Markham,
Markstay-Warren,
Mattawa,
Meaford,
Midland,
Milton,
Minto,
Mississippi Mills,
Mono,
Moosonee,
New Tecumseth,
Newmarket,
Niagara-on-the-Lake,
North Perth,
Northeastern Manitoulin and the Islands,
Oakville,
Orangeville,
Parry Sound,
Pelham,
Penetanguishene,
Perth,
Petawawa,
Petrolia,
Plympton-Wyoming,
Port Hope,
Powassan,
Prescott,
Rainy River,
Red Lake,
Renfrew,
Richmond Hill,
St. Charles,
St. Marys,
Saugeen Shores,
Shelburne,
Sioux Lookout,
Smiths Falls,
Smooth Rock Falls,
South Bruce Peninsula,
South Huron,
Spanish,
Tecumseh,
Temagami,
Thessalon,
Tilsonburg,
Trent Hills,
Wasaga Beach,
West Nipissing,
Whitby,
Whitchurch-Stouffville,
,Prince Edward Island
Alberton,
Cornwall,
Georgetown,
Kensington,
Montague,
Souris,
Stratford,
